mesh,u_approx,u_exact
0,0,0
0.25,-0.494604,-0.457107
0.5,-0.553029,-0.5
0.75,0.00539585,0.0428932
1,1,1
