h,error,log(h),log(error),log(h^2)
0.25,0.0828581,-1.38629,-2.49063,-2.77259
0.0714286,0.0128276,-2.63906,-4.35616,-5.27811
0.0416667,0.00569524,-3.17805,-5.16812,-6.35611
0.0294118,0.00337452,-3.52636,-5.6915,-7.05272
0.0227273,0.00229135,-3.78419,-6.07861,-7.56838
