h,error,log(h),log(error),log(h^0.5)
0.333333,0.332597,-1.09861,-1.10082,-0.549306
0.25,0.0828581,-1.38629,-2.49063,-0.693147
0.166667,0.0457344,-1.79176,-3.0849,-0.89588
0.1,0.0213262,-2.30259,-3.84782,-1.15129
0.0555556,0.00878079,-2.89037,-4.73519,-1.44519
