mesh,approx y=0.25,exact y=0.25,approx y=0.5,exact y=0.5,approx y=0.75,exact y=0.75
0,0,0,0,0,0,0
0.25,0.290411,0.353553,0.60222,0.707107,0.290411,0.353553
0.5,0.279139,0.5,0.563682,1,0.279139,0.5
0.75,0.318805,0.353553,0.687232,0.707107,0.318805,0.353553
1,0,6.12323e-17,0,1.22465e-16,0,6.12323e-17
