h,error,log(h),log(error),log(h^2)
0.333333,1.12231,-1.09861,0.115389,-2.19722
0.25,0.174122,-1.38629,-1.748,-2.77259
0.166667,0.0915671,-1.79176,-2.39068,-3.58352
0.1,0.0417381,-2.30259,-3.17634,-4.60517
0.0555556,0.0171463,-2.89037,-4.06597,-5.78074
